From	Entry	Reviewed	Entry Name	Protein names	Gene Names	Organism	Length
238775	P30530	reviewed	UFO_HUMAN	Tyrosine-protein kinase receptor UFO (EC 2.7.10.1) (AXL oncogene)	AXL UFO	Homo sapiens (Human)	894
487742	P08581	reviewed	MET_HUMAN	Hepatocyte growth factor receptor (HGF receptor) (EC 2.7.10.1) (HGF/SF receptor) (Proto-oncogene c-Met) (Scatter factor receptor) (SF receptor) (Tyrosine-protein kinase Met)	MET	Homo sapiens (Human)	1390
11228706	Q12866	reviewed	MERTK_HUMAN	Tyrosine-protein kinase Mer (EC 2.7.10.1) (Proto-oncogene c-Mer) (Receptor tyrosine kinase MerTK)	MERTK MER	Homo sapiens (Human)	999
7341091	Q9NZJ5	reviewed	E2AK3_HUMAN	Eukaryotic translation initiation factor 2-alpha kinase 3 (EC 2.7.11.1) (PRKR-like endoplasmic reticulum kinase) (Pancreatic eIF2-alpha kinase) (HsPEK)	EIF2AK3 PEK PERK	Homo sapiens (Human)	1116
3114385	P11362	reviewed	FGFR1_HUMAN	Fibroblast growth factor receptor 1 (FGFR-1) (EC 2.7.10.1) (Basic fibroblast growth factor receptor 1) (BFGFR) (bFGF-R-1) (Fms-like tyrosine kinase 2) (FLT-2) (N-sam) (Proto-oncogene c-Fgr) (CD antigen CD331)	FGFR1 BFGFR CEK FGFBR FLG FLT2 HBGFR	Homo sapiens (Human)	822
2217968	Q6DT37	reviewed	MRCKG_HUMAN	Serine/threonine-protein kinase MRCK gamma (EC 2.7.11.1) (CDC42-binding protein kinase gamma) (DMPK-like gamma) (Myotonic dystrophy kinase-related CDC42-binding kinase gamma) (MRCK gamma) (MRCKG) (Myotonic dystrophy protein kinase-like gamma) (Myotonic dystrophy protein kinase-like alpha)	CDC42BPG DMPK2	Homo sapiens (Human)	1551
2224547	O15021	reviewed	MAST4_HUMAN	Microtubule-associated serine/threonine-protein kinase 4 (EC 2.7.11.1)	MAST4 KIAA0303	Homo sapiens (Human)	2623
3043646	O60307	reviewed	MAST3_HUMAN	Microtubule-associated serine/threonine-protein kinase 3 (EC 2.7.11.1)	MAST3 KIAA0561	Homo sapiens (Human)	1309
4758666	O95835	reviewed	LATS1_HUMAN	Serine/threonine-protein kinase LATS1 (EC 2.7.11.1) (Large tumor suppressor homolog 1) (WARTS protein kinase) (h-warts)	LATS1 WARTS	Homo sapiens (Human)	1130
6005814	Q15208	reviewed	STK38_HUMAN	Serine/threonine-protein kinase 38 (EC 2.7.11.1) (NDR1 protein kinase) (Nuclear Dbf2-related kinase 1)	STK38 NDR1	Homo sapiens (Human)	465
14318618	Q96GX5	reviewed	GWL_HUMAN	Serine/threonine-protein kinase greatwall (GW) (GWL) (hGWL) (EC 2.7.11.1) (Microtubule-associated serine/threonine-protein kinase-like) (MAST-L)	MASTL GW GWL THC2	Homo sapiens (Human)	879
4557511	O43293	reviewed	DAPK3_HUMAN	Death-associated protein kinase 3 (DAP kinase 3) (EC 2.7.11.1) (DAP-like kinase) (Dlk) (MYPT1 kinase) (Zipper-interacting protein kinase) (ZIP-kinase)	DAPK3 ZIPK	Homo sapiens (Human)	454
4758194	O94768	reviewed	ST17B_HUMAN	Serine/threonine-protein kinase 17B (EC 2.7.11.1) (DAP kinase-related apoptosis-inducing protein kinase 2)	STK17B DRAK2	Homo sapiens (Human)	372
14571717	Q32MK0	reviewed	MYLK3_HUMAN	Myosin light chain kinase 3 (EC 2.7.11.18) (Cardiac-MyBP-C-associated Ca/CaM kinase) (Cardiac-MLCK)	MYLK3 MLCK	Homo sapiens (Human)	819
4503093	P49674	reviewed	KC1E_HUMAN	Casein kinase I isoform epsilon (CKI-epsilon) (CKIe) (EC 2.7.11.1)	CSNK1E	Homo sapiens (Human)	416
4590042	Q9Y6M4	reviewed	KC1G3_HUMAN	Casein kinase I isoform gamma-3 (CKI-gamma 3) (EC 2.7.11.1)	CSNK1G3	Homo sapiens (Human)	447
973307	Q13164	reviewed	MK07_HUMAN	Mitogen-activated protein kinase 7 (MAP kinase 7) (MAPK 7) (EC 2.7.11.24) (Big MAP kinase 1) (BMK-1) (Extracellular signal-regulated kinase 5) (ERK-5)	MAPK7 BMK1 ERK5 PRKM7	Homo sapiens (Human)	816
5917732	Q9UBE8	reviewed	NLK_HUMAN	Serine/threonine-protein kinase NLK (EC 2.7.11.24) (Nemo-like kinase) (Protein LAK1)	NLK LAK1	Homo sapiens (Human)	527
19263187	Q8TD08	reviewed	MK15_HUMAN	Mitogen-activated protein kinase 15 (MAP kinase 15) (MAPK 15) (EC 2.7.11.24) (Extracellular signal-regulated kinase 7) (ERK-7) (Extracellular signal-regulated kinase 8) (ERK-8)	MAPK15 ERK7 ERK8	Homo sapiens (Human)	544
7160989	Q9NY57	reviewed	ST32B_HUMAN	Serine/threonine-protein kinase 32B (EC 2.7.11.1) (Yet another novel kinase 2)	STK32B YANK2 UNQ3003/PRO9744	Homo sapiens (Human)	414
1170703	P31751	reviewed	AKT2_HUMAN	RAC-beta serine/threonine-protein kinase (EC 2.7.11.1) (Protein kinase Akt-2) (Protein kinase B beta) (PKB beta) (RAC-PK-beta)	AKT2	Homo sapiens (Human)	481
1730070	P51812	reviewed	KS6A3_HUMAN	Ribosomal protein S6 kinase alpha-3 (S6K-alpha-3) (EC 2.7.11.1) (90 kDa ribosomal protein S6 kinase 3) (p90-RSK 3) (p90RSK3) (Insulin-stimulated protein kinase 1) (ISPK-1) (MAP kinase-activated protein kinase 1b) (MAPK-activated protein kinase 1b) (MAPKAP kinase 1b) (MAPKAPK-1b) (Ribosomal S6 kinase 2) (RSK-2) (pp90RSK2)	RPS6KA3 ISPK1 MAPKAPK1B RSK2	Homo sapiens (Human)	740
401772	Q15349	reviewed	KS6A2_HUMAN	Ribosomal protein S6 kinase alpha-2 (S6K-alpha-2) (EC 2.7.11.1) (90 kDa ribosomal protein S6 kinase 2) (p90-RSK 2) (p90RSK2) (MAP kinase-activated protein kinase 1c) (MAPK-activated protein kinase 1c) (MAPKAP kinase 1c) (MAPKAPK-1c) (Ribosomal S6 kinase 3) (RSK-3) (pp90RSK3)	RPS6KA2 MAPKAPK1C RSK3	Homo sapiens (Human)	733
2822147	P05771	reviewed	KPCB_HUMAN	Protein kinase C beta type (PKC-B) (PKC-beta) (EC 2.7.11.13)	PRKCB PKCB PRKCB1	Homo sapiens (Human)	671
3411157	O75582	reviewed	KS6A5_HUMAN	Ribosomal protein S6 kinase alpha-5 (S6K-alpha-5) (EC 2.7.11.1) (90 kDa ribosomal protein S6 kinase 5) (Nuclear mitogen- and stress-activated protein kinase 1) (RSK-like protein kinase) (RSKL)	RPS6KA5 MSK1	Homo sapiens (Human)	802
4506735	O75676	reviewed	KS6A4_HUMAN	Ribosomal protein S6 kinase alpha-4 (S6K-alpha-4) (EC 2.7.11.1) (90 kDa ribosomal protein S6 kinase 4) (Nuclear mitogen- and stress-activated protein kinase 2) (Ribosomal protein kinase B) (RSKB)	RPS6KA4 MSK2	Homo sapiens (Human)	772
4826948	P51817	reviewed	PRKX_HUMAN	cAMP-dependent protein kinase catalytic subunit PRKX (PrKX) (Protein kinase X) (Protein kinase X-linked) (Serine/threonine-protein kinase PRKX) (EC 2.7.11.1) (Protein kinase PKX1)	PRKX PKX1	Homo sapiens (Human)	358
5453974	Q16513	reviewed	PKN2_HUMAN	Serine/threonine-protein kinase N2 (EC 2.7.11.13) (PKN gamma) (Protein kinase C-like 2) (Protein-kinase C-related kinase 2)	PKN2 PRK2 PRKCL2	Homo sapiens (Human)	984
5453976	Q04759	reviewed	KPCT_HUMAN	Protein kinase C theta type (EC 2.7.11.13) (nPKC-theta)	PRKCQ PRKCT	Homo sapiens (Human)	706
6467562	Q9UK32	reviewed	KS6A6_HUMAN	Ribosomal protein S6 kinase alpha-6 (S6K-alpha-6) (EC 2.7.11.1) (90 kDa ribosomal protein S6 kinase 6) (p90-RSK 6) (p90RSK6) (Ribosomal S6 kinase 4) (RSK-4) (pp90RSK4)	RPS6KA6 RSK4	Homo sapiens (Human)	745
6470350	Q9HBY8	reviewed	SGK2_HUMAN	Serine/threonine-protein kinase Sgk2 (EC 2.7.11.1) (Serum/glucocorticoid-regulated kinase 2)	SGK2	Homo sapiens (Human)	367
15929013	Q15418	reviewed	KS6A1_HUMAN	Ribosomal protein S6 kinase alpha-1 (S6K-alpha-1) (EC 2.7.11.1) (90 kDa ribosomal protein S6 kinase 1) (p90-RSK 1) (p90RSK1) (p90S6K) (MAP kinase-activated protein kinase 1a) (MAPK-activated protein kinase 1a) (MAPKAP kinase 1a) (MAPKAPK-1a) (Ribosomal S6 kinase 1) (RSK-1)	RPS6KA1 MAPKAPK1A RSK1	Homo sapiens (Human)	735
16553658	Q96LW2	reviewed	KS6R_HUMAN	Ribosomal protein S6 kinase-related protein (EC 2.7.11.1) (Sugen kinase 494)	RSKR SGK494	Homo sapiens (Human)	410
561543	Q12852	reviewed	M3K12_HUMAN	Mitogen-activated protein kinase kinase kinase 12 (EC 2.7.11.25) (Dual leucine zipper bearing kinase) (DLK) (Leucine-zipper protein kinase) (ZPK) (MAPK-upstream kinase) (MUK) (Mixed lineage kinase)	MAP3K12 ZPK	Homo sapiens (Human)	859
12005724	P80192	reviewed	M3K9_HUMAN	Mitogen-activated protein kinase kinase kinase 9 (EC 2.7.11.25) (Mixed lineage kinase 1)	MAP3K9 MLK1 PRKE1	Homo sapiens (Human)	1104
2627331	Q9H422	reviewed	HIPK3_HUMAN	Homeodomain-interacting protein kinase 3 (EC 2.7.11.1) (Androgen receptor-interacting nuclear protein kinase) (ANPK) (Fas-interacting serine/threonine-protein kinase) (FIST) (Homolog of protein kinase YAK1)	HIPK3 DYRK6 FIST3 PKY	Homo sapiens (Human)	1215
4503427	Q92630	reviewed	DYRK2_HUMAN	Dual specificity tyrosine-phosphorylation-regulated kinase 2 (EC 2.7.12.1)	DYRK2	Homo sapiens (Human)	601
16553058	Q8NE63	reviewed	HIPK4_HUMAN	Homeodomain-interacting protein kinase 4 (EC 2.7.11.1)	HIPK4	Homo sapiens (Human)	616
2811086	P00533	reviewed	EGFR_HUMAN	Epidermal growth factor receptor (EC 2.7.10.1) (Proto-oncogene c-ErbB-1) (Receptor tyrosine-protein kinase erbB-1)	EGFR ERBB ERBB1 HER1	Homo sapiens (Human)	1210
119533	P04626	reviewed	ERBB2_HUMAN	Receptor tyrosine-protein kinase erbB-2 (EC 2.7.10.1) (Metastatic lymph node gene 19 protein) (MLN 19) (Proto-oncogene Neu) (Proto-oncogene c-ErbB-2) (Tyrosine kinase-type cell surface receptor HER2) (p185erbB2) (CD antigen CD340)	ERBB2 HER2 MLN19 NEU NGL	Homo sapiens (Human)	1255
119534	P21860	reviewed	ERBB3_HUMAN	Receptor tyrosine-protein kinase erbB-3 (EC 2.7.10.1) (Proto-oncogene-like protein c-ErbB-3) (Tyrosine kinase-type cell surface receptor HER3)	ERBB3 HER3	Homo sapiens (Human)	1342
5031689	O94806	reviewed	KPCD3_HUMAN	Serine/threonine-protein kinase D3 (EC 2.7.11.13) (Protein kinase C nu type) (Protein kinase EPK2) (nPKC-nu)	PRKD3 EPK2 PRKCN	Homo sapiens (Human)	890
1944185	Q9H2G2	reviewed	SLK_HUMAN	STE20-like serine/threonine-protein kinase (STE20-like kinase) (hSLK) (EC 2.7.11.1) (CTCL tumor antigen se20-9) (STE20-related serine/threonine-protein kinase) (STE20-related kinase) (Serine/threonine-protein kinase 2)	SLK KIAA0204 STK2	Homo sapiens (Human)	1235
5326766	Q9Y6E0	reviewed	STK24_HUMAN	Serine/threonine-protein kinase 24 (EC 2.7.11.1) (Mammalian STE20-like protein kinase 3) (MST-3) (STE20-like kinase MST3) [Cleaved into: Serine/threonine-protein kinase 24 36 kDa subunit (Mammalian STE20-like protein kinase 3 N-terminal) (MST3/N); Serine/threonine-protein kinase 24 12 kDa subunit (Mammalian STE20-like protein kinase 3 C-terminal) (MST3/C)]	STK24 MST3 STK3	Homo sapiens (Human)	443
6005810	Q92918	reviewed	M4K1_HUMAN	Mitogen-activated protein kinase kinase kinase kinase 1 (EC 2.7.11.1) (Hematopoietic progenitor kinase) (MAPK/ERK kinase kinase kinase 1) (MEK kinase kinase 1) (MEKKK 1)	MAP4K1 HPK1	Homo sapiens (Human)	833
6110362	Q9UKE5	reviewed	TNIK_HUMAN	TRAF2 and NCK-interacting protein kinase (EC 2.7.11.1)	TNIK KIAA0551	Homo sapiens (Human)	1360
6624079	Q8IVH8	reviewed	M4K3_HUMAN	Mitogen-activated protein kinase kinase kinase kinase 3 (EC 2.7.11.1) (Germinal center kinase-related protein kinase) (GLK) (MAPK/ERK kinase kinase kinase 3) (MEK kinase kinase 3) (MEKKK 3)	MAP4K3 RAB8IPL1	Homo sapiens (Human)	894
4507903	Q99986	reviewed	VRK1_HUMAN	Serine/threonine-protein kinase VRK1 (EC 2.7.11.1) (Vaccinia-related kinase 1)	VRK1	Homo sapiens (Human)	396
1679668	Q99683	reviewed	M3K5_HUMAN	Mitogen-activated protein kinase kinase kinase 5 (EC 2.7.11.25) (Apoptosis signal-regulating kinase 1) (ASK-1) (MAPK/ERK kinase kinase 5) (MEK kinase 5) (MEKK 5)	MAP3K5 ASK1 MAPKKK5 MEKK5	Homo sapiens (Human)	1374
3075509	Q9NYY3	reviewed	PLK2_HUMAN	Serine/threonine-protein kinase PLK2 (EC 2.7.11.21) (Polo-like kinase 2) (PLK-2) (hPlk2) (Serine/threonine-protein kinase SNK) (hSNK) (Serum-inducible kinase)	PLK2 SNK	Homo sapiens (Human)	685
10636488	Q9H4B4	reviewed	PLK3_HUMAN	Serine/threonine-protein kinase PLK3 (EC 2.7.11.21) (Cytokine-inducible serine/threonine-protein kinase) (FGF-inducible kinase) (Polo-like kinase 3) (PLK-3) (Proliferation-related kinase)	PLK3 CNK FNK PRK	Homo sapiens (Human)	646
306479	Q16566	reviewed	KCC4_HUMAN	Calcium/calmodulin-dependent protein kinase type IV (CaMK IV) (EC 2.7.11.17) (CaM kinase-GR)	CAMK4 CAMK CAMK-GR CAMKIV	Homo sapiens (Human)	473
4426595	Q13557	reviewed	KCC2D_HUMAN	Calcium/calmodulin-dependent protein kinase type II subunit delta (CaM kinase II subunit delta) (CaMK-II subunit delta) (EC 2.7.11.17)	CAMK2D CAMKD	Homo sapiens (Human)	499
9965398	Q9HAZ1	reviewed	CLK4_HUMAN	Dual specificity protein kinase CLK4 (EC 2.7.12.1) (CDC-like kinase 4)	CLK4	Homo sapiens (Human)	481
13543919	P49761	reviewed	CLK3_HUMAN	Dual specificity protein kinase CLK3 (EC 2.7.12.1) (CDC-like kinase 3)	CLK3	Homo sapiens (Human)	638
125536	P15735	reviewed	PHKG2_HUMAN	Phosphorylase b kinase gamma catalytic chain, liver/testis isoform (PHK-gamma-LT) (PHK-gamma-T) (EC 2.7.11.19) (PSK-C3) (Phosphorylase kinase subunit gamma-2)	PHKG2	Homo sapiens (Human)	406
5453882	Q16816	reviewed	PHKG1_HUMAN	Phosphorylase b kinase gamma catalytic chain, skeletal muscle/heart isoform (PHK-gamma-M) (EC 2.7.11.19) (Phosphorylase kinase subunit gamma-1) (Serine/threonine-protein kinase PHKG1) (EC 2.7.11.1, EC 2.7.11.26)	PHKG1 PHKG	Homo sapiens (Human)	387
565280	P53667	reviewed	LIMK1_HUMAN	LIM domain kinase 1 (LIMK-1) (EC 2.7.11.1)	LIMK1 LIMK	Homo sapiens (Human)	647
2078471	P53671	reviewed	LIMK2_HUMAN	LIM domain kinase 2 (LIMK-2) (EC 2.7.11.1)	LIMK2	Homo sapiens (Human)	638
15207801	Q96S53	reviewed	TESK2_HUMAN	Dual specificity testis-specific protein kinase 2 (EC 2.7.12.1) (Testicular protein kinase 2)	TESK2	Homo sapiens (Human)	571
1136442	Q16671	reviewed	AMHR2_HUMAN	Anti-Muellerian hormone type-2 receptor (EC 2.7.11.30) (Anti-Muellerian hormone type II receptor) (AMH type II receptor) (MIS type II receptor) (MISRII) (MRII)	AMHR2 AMHR MISR2	Homo sapiens (Human)	573
6850973	P57058	reviewed	HUNK_HUMAN	Hormonally up-regulated neu tumor-associated kinase (EC 2.7.11.1) (B19) (Serine/threonine-protein kinase MAK-V)	HUNK MAKV	Homo sapiens (Human)	714
15430703	Q96PF2	reviewed	TSSK2_HUMAN	Testis-specific serine/threonine-protein kinase 2 (TSK-2) (TSK2) (TSSK-2) (Testis-specific kinase 2) (EC 2.7.11.1) (DiGeorge syndrome protein G) (DGS-G) (Serine/threonine-protein kinase 22B)	TSSK2 DGSG SPOGA2 STK22B	Homo sapiens (Human)	358
3435114	O75385	reviewed	ULK1_HUMAN	Serine/threonine-protein kinase ULK1 (EC 2.7.11.1) (Autophagy-related protein 1 homolog) (ATG1) (hATG1) (Unc-51-like kinase 1)	ULK1 KIAA0722	Homo sapiens (Human)	1050
547770	P07333	reviewed	CSF1R_HUMAN	Macrophage colony-stimulating factor 1 receptor (CSF-1 receptor) (CSF-1-R) (CSF-1R) (M-CSF-R) (EC 2.7.10.1) (Proto-oncogene c-Fms) (CD antigen CD115)	CSF1R FMS	Homo sapiens (Human)	972
388522	P35916	reviewed	VGFR3_HUMAN	Vascular endothelial growth factor receptor 3 (VEGFR-3) (EC 2.7.10.1) (Fms-like tyrosine kinase 4) (FLT-4) (Tyrosine-protein kinase receptor FLT4)	FLT4 VEGFR3	Homo sapiens (Human)	1363
1817734	P10721	reviewed	KIT_HUMAN	Mast/stem cell growth factor receptor Kit (SCFR) (EC 2.7.10.1) (Piebald trait protein) (PBT) (Proto-oncogene c-Kit) (Tyrosine-protein kinase Kit) (p145 c-kit) (v-kit Hardy-Zuckerman 4 feline sarcoma viral oncogene homolog) (CD antigen CD117)	KIT SCFR	Homo sapiens (Human)	976
4505683	P09619	reviewed	PGFRB_HUMAN	Platelet-derived growth factor receptor beta (PDGF-R-beta) (PDGFR-beta) (EC 2.7.10.1) (Beta platelet-derived growth factor receptor) (Beta-type platelet-derived growth factor receptor) (CD140 antigen-like family member B) (Platelet-derived growth factor receptor 1) (PDGFR-1) (CD antigen CD140b)	PDGFRB PDGFR PDGFR1	Homo sapiens (Human)	1106
5453870	P16234	reviewed	PGFRA_HUMAN	Platelet-derived growth factor receptor alpha (PDGF-R-alpha) (PDGFR-alpha) (EC 2.7.10.1) (Alpha platelet-derived growth factor receptor) (Alpha-type platelet-derived growth factor receptor) (CD140 antigen-like family member A) (CD140a antigen) (Platelet-derived growth factor alpha receptor) (Platelet-derived growth factor receptor 2) (PDGFR-2) (CD antigen CD140a)	PDGFRA PDGFR2 RHEPDGFRA	Homo sapiens (Human)	1089
7546569	P35968	reviewed	VGFR2_HUMAN	Vascular endothelial growth factor receptor 2 (VEGFR-2) (EC 2.7.10.1) (Fetal liver kinase 1) (FLK-1) (Kinase insert domain receptor) (KDR) (Protein-tyrosine kinase receptor flk-1) (CD antigen CD309)	KDR FLK1 VEGFR2	Homo sapiens (Human)	1356
231726	Q00526	reviewed	CDK3_HUMAN	Cyclin-dependent kinase 3 (EC 2.7.11.22) (Cell division protein kinase 3)	CDK3 CDKN3	Homo sapiens (Human)	305
266425	Q00536	reviewed	CDK16_HUMAN	Cyclin-dependent kinase 16 (EC 2.7.11.22) (Cell division protein kinase 16) (PCTAIRE-motif protein kinase 1) (Serine/threonine-protein kinase PCTAIRE-1)	CDK16 PCTAIRE1 PCTK1	Homo sapiens (Human)	496
15079361	Q07002	reviewed	CDK18_HUMAN	Cyclin-dependent kinase 18 (EC 2.7.11.22) (Cell division protein kinase 18) (PCTAIRE-motif protein kinase 3) (Serine/threonine-protein kinase PCTAIRE-3)	CDK18 PCTAIRE3 PCTK3	Homo sapiens (Human)	474
1589738	O15111	reviewed	IKKA_HUMAN	Inhibitor of nuclear factor kappa-B kinase subunit alpha (I-kappa-B kinase alpha) (IKK-A) (IKK-alpha) (IkBKA) (IkappaB kinase) (EC 2.7.11.10) (Conserved helix-loop-helix ubiquitous kinase) (I-kappa-B kinase 1) (IKK-1) (IKK1) (Nuclear factor NF-kappa-B inhibitor kinase alpha) (NFKBIKA) (Transcription factor 16) (TCF-16)	CHUK IKKA TCF16	Homo sapiens (Human)	745
3213217	O14920	reviewed	IKKB_HUMAN	Inhibitor of nuclear factor kappa-B kinase subunit beta (I-kappa-B-kinase beta) (IKK-B) (IKK-beta) (IkBKB) (EC 2.7.11.10) (I-kappa-B kinase 2) (IKK-2) (IKK2) (Nuclear factor NF-kappa-B inhibitor kinase beta) (NFKBIKB) (Serine/threonine protein kinase IKBKB) (EC 2.7.11.1)	IKBKB IKKB	Homo sapiens (Human)	756
1778153	P46734	reviewed	MP2K3_HUMAN	Dual specificity mitogen-activated protein kinase kinase 3 (MAP kinase kinase 3) (MAPKK 3) (EC 2.7.12.2) (MAPK/ERK kinase 3) (MEK 3) (Stress-activated protein kinase kinase 2) (SAPK kinase 2) (SAPKK-2) (SAPKK2)	MAP2K3 MEK3 MKK3 PRKMK3 SKK2	Homo sapiens (Human)	347
4506889	P45985	reviewed	MP2K4_HUMAN	Dual specificity mitogen-activated protein kinase kinase 4 (MAP kinase kinase 4) (MAPKK 4) (EC 2.7.12.2) (JNK-activating kinase 1) (MAPK/ERK kinase 4) (MEK 4) (SAPK/ERK kinase 1) (SEK1) (Stress-activated protein kinase kinase 1) (SAPK kinase 1) (SAPKK-1) (SAPKK1) (c-Jun N-terminal kinase kinase 1) (JNKK)	MAP2K4 JNKK1 MEK4 MKK4 PRKMK4 SEK1 SERK1 SKK1	Homo sapiens (Human)	399
4092079	Q13470	reviewed	TNK1_HUMAN	Non-receptor tyrosine-protein kinase TNK1 (EC 2.7.10.2) (CD38 negative kinase 1)	TNK1	Homo sapiens (Human)	666
14250828	Q07912	reviewed	ACK1_HUMAN	Activated CDC42 kinase 1 (ACK-1) (EC 2.7.10.2) (EC 2.7.11.1) (Tyrosine kinase non-receptor protein 2)	TNK2 ACK1	Homo sapiens (Human)	1038
6224868	Q9UHD2	reviewed	TBK1_HUMAN	Serine/threonine-protein kinase TBK1 (EC 2.7.11.1) (NF-kappa-B-activating kinase) (T2K) (TANK-binding kinase 1)	TBK1 NAK	Homo sapiens (Human)	729
4507271	Q15831	reviewed	STK11_HUMAN	Serine/threonine-protein kinase STK11 (EC 2.7.11.1) (Liver kinase B1) (LKB1) (hLKB1) (Renal carcinoma antigen NY-REN-19)	STK11 LKB1 PJS	Homo sapiens (Human)	433
3915750	P37023	reviewed	ACVL1_HUMAN	Serine/threonine-protein kinase receptor R3 (SKR3) (EC 2.7.11.30) (Activin receptor-like kinase 1) (ALK-1) (TGF-B superfamily receptor type I) (TSR-I)	ACVRL1 ACVRLK1 ALK1	Homo sapiens (Human)	503
4505569	Q92772	reviewed	CDKL2_HUMAN	Cyclin-dependent kinase-like 2 (EC 2.7.11.22) (Protein kinase p56 KKIAMRE) (Serine/threonine-protein kinase KKIAMRE)	CDKL2	Homo sapiens (Human)	493
4507281	O76039	reviewed	CDKL5_HUMAN	Cyclin-dependent kinase-like 5 (EC 2.7.11.22) (Serine/threonine-protein kinase 9)	CDKL5 STK9	Homo sapiens (Human)	960
7108631	Q8IVW4	reviewed	CDKL3_HUMAN	Cyclin-dependent kinase-like 3 (EC 2.7.11.22) (Serine/threonine-protein kinase NKIAMRE)	CDKL3 NKIAMRE	Homo sapiens (Human)	592
7141298	Q9UPZ9	reviewed	CILK1_HUMAN	Serine/threonine-protein kinase ICK (EC 2.7.11.1) (Ciliogenesis associated kinase 1) (Intestinal cell kinase) (hICK) (Laryngeal cancer kinase 2) (LCK2) (MAK-related kinase) (MRK)	CILK1 ICK KIAA0936	Homo sapiens (Human)	632
4503097	P19784	reviewed	CSK22_HUMAN	Casein kinase II subunit alpha' (CK II alpha') (EC 2.7.11.1)	CSNK2A2 CK2A2	Homo sapiens (Human)	350
462203	P34947	reviewed	GRK5_HUMAN	G protein-coupled receptor kinase 5 (EC 2.7.11.16) (G protein-coupled receptor kinase GRK5)	GRK5 GPRK5	Homo sapiens (Human)	590
4506529	Q15835	reviewed	GRK1_HUMAN	Rhodopsin kinase GRK1 (RK) (EC 2.7.11.14) (G protein-coupled receptor kinase 1)	GRK1 RHOK	Homo sapiens (Human)	563
266423	Q00534	reviewed	CDK6_HUMAN	Cyclin-dependent kinase 6 (EC 2.7.11.22) (Cell division protein kinase 6) (Serine/threonine-protein kinase PLSTIRE)	CDK6 CDKN6	Homo sapiens (Human)	326
1730068	P10398	reviewed	ARAF_HUMAN	Serine/threonine-protein kinase A-Raf (EC 2.7.11.1) (Proto-oncogene A-Raf) (Proto-oncogene A-Raf-1) (Proto-oncogene Pks)	ARAF ARAF1 PKS PKS2	Homo sapiens (Human)	606
4885696	Q8TD19	reviewed	NEK9_HUMAN	Serine/threonine-protein kinase Nek9 (EC 2.7.11.1) (Nercc1 kinase) (Never in mitosis A-related kinase 9) (NimA-related protein kinase 9) (NimA-related kinase 8) (Nek8)	NEK9 KIAA1995 NEK8 NERCC	Homo sapiens (Human)	979
2316012	Q15759	reviewed	MK11_HUMAN	Mitogen-activated protein kinase 11 (MAP kinase 11) (MAPK 11) (EC 2.7.11.24) (Mitogen-activated protein kinase p38 beta) (MAP kinase p38 beta) (p38b) (Stress-activated protein kinase 2b) (SAPK2b) (p38-2)	MAPK11 PRKM11 SAPK2 SAPK2B	Homo sapiens (Human)	364
537327	P36888	reviewed	FLT3_HUMAN	Receptor-type tyrosine-protein kinase FLT3 (EC 2.7.10.1) (FL cytokine receptor) (Fetal liver kinase-2) (FLK-2) (Fms-like tyrosine kinase 3) (FLT-3) (Stem cell tyrosine kinase 1) (STK-1) (CD antigen CD135)	FLT3 CD135 FLK2 STK1	Homo sapiens (Human)	993
547915	P36507	reviewed	MP2K2_HUMAN	Dual specificity mitogen-activated protein kinase kinase 2 (MAP kinase kinase 2) (MAPKK 2) (EC 2.7.12.2) (ERK activator kinase 2) (MAPK/ERK kinase 2) (MEK 2)	MAP2K2 MEK2 MKK2 PRKMK2	Homo sapiens (Human)	400
12803829	Q9BUB5	reviewed	MKNK1_HUMAN	MAP kinase-interacting serine/threonine-protein kinase 1 (EC 2.7.11.1) (MAP kinase signal-integrating kinase 1) (MAPK signal-integrating kinase 1) (Mnk1)	MKNK1 MNK1	Homo sapiens (Human)	465
125497	P00540	reviewed	MOS_HUMAN	Proto-oncogene serine/threonine-protein kinase mos (EC 2.7.11.1) (Oocyte maturation factor mos) (Proto-oncogene c-Mos)	MOS	Homo sapiens (Human)	346
1171248	Q8IVT5	reviewed	KSR1_HUMAN	Kinase suppressor of Ras 1 (EC 2.7.11.1)	KSR1 KSR	Homo sapiens (Human)	923
547777	P36897	reviewed	TGFR1_HUMAN	TGF-beta receptor type-1 (TGFR-1) (EC 2.7.11.30) (Activin A receptor type II-like protein kinase of 53kD) (Activin receptor-like kinase 5) (ALK-5) (ALK5) (Serine/threonine-protein kinase receptor R4) (SKR4) (TGF-beta type I receptor) (Transforming growth factor-beta receptor type I) (TGF-beta receptor type I) (TbetaR-I)	TGFBR1 ALK5 SKR4	Homo sapiens (Human)	503
18490925	Q8NER5	reviewed	ACV1C_HUMAN	Activin receptor type-1C (EC 2.7.11.30) (Activin receptor type IC) (ACTR-IC) (Activin receptor-like kinase 7) (ALK-7)	ACVR1C ALK7	Homo sapiens (Human)	493
15559784	P29597	reviewed	TYK2_HUMAN	Non-receptor tyrosine-protein kinase TYK2 (EC 2.7.10.2)	TYK2	Homo sapiens (Human)	1187
15929005	P51617	reviewed	IRAK1_HUMAN	Interleukin-1 receptor-associated kinase 1 (IRAK-1) (EC 2.7.11.1)	IRAK1 IRAK	Homo sapiens (Human)	712
4758700	Q16644	reviewed	MAPK3_HUMAN	MAP kinase-activated protein kinase 3 (MAPK-activated protein kinase 3) (MAPKAP kinase 3) (MAPKAP-K3) (MAPKAPK-3) (MK-3) (EC 2.7.11.1) (Chromosome 3p kinase) (3pK)	MAPKAPK3	Homo sapiens (Human)	382
4505811	P11309	reviewed	PIM1_HUMAN	Serine/threonine-protein kinase pim-1 (EC 2.7.11.1)	PIM1	Homo sapiens (Human)	313
5139689	Q9UQ07	reviewed	MOK_HUMAN	MAPK/MAK/MRK overlapping kinase (EC 2.7.11.22) (MOK protein kinase) (Renal tumor antigen 1) (RAGE-1)	MOK RAGE RAGE1	Homo sapiens (Human)	419
1717829	Q06418	reviewed	TYRO3_HUMAN	Tyrosine-protein kinase receptor TYRO3 (EC 2.7.10.1) (Tyrosine-protein kinase BYK) (Tyrosine-protein kinase DTK) (Tyrosine-protein kinase RSE) (Tyrosine-protein kinase SKY) (Tyrosine-protein kinase TIF)	TYRO3 BYK DTK RSE SKY TIF	Homo sapiens (Human)	890
13276655	Q8N5S9	reviewed	KKCC1_HUMAN	Calcium/calmodulin-dependent protein kinase kinase 1 (CaM-KK 1) (CaM-kinase kinase 1) (CaMKK 1) (EC 2.7.11.17) (CaM-kinase IV kinase) (Calcium/calmodulin-dependent protein kinase kinase alpha) (CaM-KK alpha) (CaM-kinase kinase alpha) (CaMKK alpha)	CAMKK1 CAMKKA	Homo sapiens (Human)	505
4506537	O43353	reviewed	RIPK2_HUMAN	Receptor-interacting serine/threonine-protein kinase 2 (EC 2.7.11.1) (CARD-containing interleukin-1 beta-converting enzyme-associated kinase) (CARD-containing IL-1 beta ICE-kinase) (RIP-like-interacting CLARP kinase) (Receptor-interacting protein 2) (RIP-2) (Tyrosine-protein kinase RIPK2) (EC 2.7.10.2)	RIPK2 CARDIAK RICK RIP2 UNQ277/PRO314/PRO34092	Homo sapiens (Human)	540
4768829	Q59H18	reviewed	TNI3K_HUMAN	Serine/threonine-protein kinase TNNI3K (EC 2.7.11.1) (Cardiac ankyrin repeat kinase) (Cardiac troponin I-interacting kinase) (TNNI3-interacting kinase)	TNNI3K CARK	Homo sapiens (Human)	835
6970478	Q8N4C8	reviewed	MINK1_HUMAN	Misshapen-like kinase 1 (EC 2.7.11.1) (GCK family kinase MiNK) (MAPK/ERK kinase kinase kinase 6) (MEK kinase kinase 6) (MEKKK 6) (Misshapen/NIK-related kinase) (Mitogen-activated protein kinase kinase kinase kinase 6)	MINK1 B55 MAP4K6 MINK YSK2 ZC3	Homo sapiens (Human)	1332
7958618	Q8NEV4	reviewed	MYO3A_HUMAN	Myosin-IIIa (EC 2.7.11.1)	MYO3A	Homo sapiens (Human)	1616
4103971	Q9UEW8	reviewed	STK39_HUMAN	STE20/SPS1-related proline-alanine-rich protein kinase (Ste-20-related kinase) (EC 2.7.11.1) (DCHT) (Serine/threonine-protein kinase 39)	STK39 SPAK	Homo sapiens (Human)	545
4826878	O95747	reviewed	OXSR1_HUMAN	Serine/threonine-protein kinase OSR1 (EC 2.7.11.1) (Oxidative stress-responsive 1 protein)	OXSR1 KIAA1101 OSR1	Homo sapiens (Human)	527
12060855	Q7RTN6	reviewed	STRAA_HUMAN	STE20-related kinase adapter protein alpha (STRAD alpha) (STE20-related adapter protein) (Serologically defined breast cancer antigen NY-BR-96)	STRADA LYK5 STRAD	Homo sapiens (Human)	431
125205	P17612	reviewed	KAPCA_HUMAN	cAMP-dependent protein kinase catalytic subunit alpha (PKA C-alpha) (EC 2.7.11.11)	PRKACA PKACA	Homo sapiens (Human)	351
125210	P22694	reviewed	KAPCB_HUMAN	cAMP-dependent protein kinase catalytic subunit beta (PKA C-beta) (EC 2.7.11.11)	PRKACB	Homo sapiens (Human)	351
19032238	Q9BYP7	reviewed	WNK3_HUMAN	Serine/threonine-protein kinase WNK3 (EC 2.7.11.1) (Protein kinase lysine-deficient 3) (Protein kinase with no lysine 3)	WNK3 KIAA1566 PRKWNK3	Homo sapiens (Human)	1800
1177044	P43403	reviewed	ZAP70_HUMAN	Tyrosine-protein kinase ZAP-70 (EC 2.7.10.2) (70 kDa zeta-chain associated protein) (Syk-related tyrosine kinase)	ZAP70 SRK	Homo sapiens (Human)	619
3183518	Q05397	reviewed	FAK1_HUMAN	Focal adhesion kinase 1 (FADK 1) (EC 2.7.10.2) (Focal adhesion kinase-related nonkinase) (FRNK) (Protein phosphatase 1 regulatory subunit 71) (PPP1R71) (Protein-tyrosine kinase 2) (p125FAK) (pp125FAK)	PTK2 FAK FAK1	Homo sapiens (Human)	1052
1507672	Q92519	reviewed	TRIB2_HUMAN	Tribbles homolog 2 (TRB-2)	TRIB2 TRB2	Homo sapiens (Human)	343
6225242	O15075	reviewed	DCLK1_HUMAN	Serine/threonine-protein kinase DCLK1 (EC 2.7.11.1) (Doublecortin domain-containing protein 3A) (Doublecortin-like and CAM kinase-like 1) (Doublecortin-like kinase 1)	DCLK1 DCAMKL1 DCDC3A KIAA0369	Homo sapiens (Human)	740
7242949	Q15772	reviewed	SPEG_HUMAN	Striated muscle preferentially expressed protein kinase (EC 2.7.11.1) (Aortic preferentially expressed protein 1) (APEG-1)	SPEG APEG1 KIAA1297	Homo sapiens (Human)	3267
14041892	O60285	reviewed	NUAK1_HUMAN	NUAK family SNF1-like kinase 1 (EC 2.7.11.1) (AMPK-related protein kinase 5) (ARK5) (Omphalocele kinase 1)	NUAK1 ARK5 KIAA0537 OMPHK1	Homo sapiens (Human)	661
14346040	Q96QS6	reviewed	KPSH2_HUMAN	Serine/threonine-protein kinase H2 (EC 2.7.11.1) (Protein serine kinase H2) (PSK-H2)	PSKH2	Homo sapiens (Human)	385
16511401	Q8N165	reviewed	PDK1L_HUMAN	Serine/threonine-protein kinase PDIK1L (EC 2.7.11.1) (PDLIM1-interacting kinase 1-like)	PDIK1L CLIK1L	Homo sapiens (Human)	341
19808110	Q8TDR2	reviewed	STK35_HUMAN	Serine/threonine-protein kinase 35 (EC 2.7.11.1) (CLP-36-interacting kinase 1) (CLIK-1) (PDLIM1-interacting kinase 1) (Serine/threonine-protein kinase 35 L1)	STK35 CLIK1 PDIK1 STK35L1	Homo sapiens (Human)	534
3426027	Q13546	reviewed	RIPK1_HUMAN	Receptor-interacting serine/threonine-protein kinase 1 (EC 2.7.11.1) (Cell death protein RIP) (Receptor-interacting protein 1) (RIP-1)	RIPK1 RIP RIP1	Homo sapiens (Human)	671
125711	P12931	reviewed	SRC_HUMAN	Proto-oncogene tyrosine-protein kinase Src (EC 2.7.10.2) (Proto-oncogene c-Src) (pp60c-src) (p60-Src)	SRC SRC1	Homo sapiens (Human)	536
125870	P07947	reviewed	YES_HUMAN	Tyrosine-protein kinase Yes (EC 2.7.10.2) (Proto-oncogene c-Yes) (p61-Yes)	YES1 YES	Homo sapiens (Human)	543
125358	P09769	reviewed	FGR_HUMAN	Tyrosine-protein kinase Fgr (EC 2.7.10.2) (Gardner-Rasheed feline sarcoma viral (v-fgr) oncogene homolog) (Proto-oncogene c-Fgr) (p55-Fgr) (p58-Fgr) (p58c-Fgr)	FGR SRC2	Homo sapiens (Human)	529
125480	P07948	reviewed	LYN_HUMAN	Tyrosine-protein kinase Lyn (EC 2.7.10.2) (Lck/Yes-related novel protein tyrosine kinase) (V-yes-1 Yamaguchi sarcoma viral related oncogene homolog) (p53Lyn) (p56Lyn)	LYN JTK8	Homo sapiens (Human)	512
2194103	P08631	reviewed	HCK_HUMAN	Tyrosine-protein kinase HCK (EC 2.7.10.2) (Hematopoietic cell kinase) (Hemopoietic cell kinase) (p59-HCK/p60-HCK) (p59Hck) (p61Hck)	HCK	Homo sapiens (Human)	526
4503787	P42685	reviewed	FRK_HUMAN	Tyrosine-protein kinase FRK (EC 2.7.10.2) (FYN-related kinase) (Nuclear tyrosine protein kinase RAK) (Protein-tyrosine kinase 5)	FRK PTK5 RAK	Homo sapiens (Human)	505
5174647	Q13882	reviewed	PTK6_HUMAN	Protein-tyrosine kinase 6 (EC 2.7.10.2) (Breast tumor kinase) (Tyrosine-protein kinase BRK)	PTK6 BRK	Homo sapiens (Human)	451
4574744	Q9Y243	reviewed	AKT3_HUMAN	RAC-gamma serine/threonine-protein kinase (EC 2.7.11.1) (Protein kinase Akt-3) (Protein kinase B gamma) (PKB gamma) (RAC-PK-gamma) (STK-2)	AKT3 PKBG	Homo sapiens (Human)	479
16755792	Q96NX5	reviewed	KCC1G_HUMAN	Calcium/calmodulin-dependent protein kinase type 1G (EC 2.7.11.17) (CaM kinase I gamma) (CaM kinase IG) (CaM-KI gamma) (CaMKI gamma) (CaMKIG) (CaMK-like CREB kinase III) (CLICK III)	CAMK1G CLICK3 VWS1	Homo sapiens (Human)	476
1276901	Q13464	reviewed	ROCK1_HUMAN	Rho-associated protein kinase 1 (EC 2.7.11.1) (Renal carcinoma antigen NY-REN-35) (Rho-associated, coiled-coil-containing protein kinase 1) (Rho-associated, coiled-coil-containing protein kinase I) (ROCK-I) (p160 ROCK-1) (p160ROCK)	ROCK1	Homo sapiens (Human)	1354
1695873	Q5VT25	reviewed	MRCKA_HUMAN	Serine/threonine-protein kinase MRCK alpha (EC 2.7.11.1) (CDC42-binding protein kinase alpha) (DMPK-like alpha) (Myotonic dystrophy kinase-related CDC42-binding kinase alpha) (MRCK alpha) (Myotonic dystrophy protein kinase-like alpha)	CDC42BPA KIAA0451	Homo sapiens (Human)	1732
5006445	Q9Y5S2	reviewed	MRCKB_HUMAN	Serine/threonine-protein kinase MRCK beta (EC 2.7.11.1) (CDC42-binding protein kinase beta) (CDC42BP-beta) (DMPK-like beta) (Myotonic dystrophy kinase-related CDC42-binding kinase beta) (MRCK beta) (Myotonic dystrophy protein kinase-like beta)	CDC42BPB KIAA1124	Homo sapiens (Human)	1711
3115220	P22612	reviewed	KAPCG_HUMAN	cAMP-dependent protein kinase catalytic subunit gamma (PKA C-gamma) (EC 2.7.11.11)	PRKACG	Homo sapiens (Human)	351
20072860	Q9NRP7	reviewed	STK36_HUMAN	Serine/threonine-protein kinase 36 (EC 2.7.11.1) (Fused homolog)	STK36 KIAA1278	Homo sapiens (Human)	1315
23881	P28482	reviewed	MK01_HUMAN	Mitogen-activated protein kinase 1 (MAP kinase 1) (MAPK 1) (EC 2.7.11.24) (ERT1) (Extracellular signal-regulated kinase 2) (ERK-2) (MAP kinase isoform p42) (p42-MAPK) (Mitogen-activated protein kinase 2) (MAP kinase 2) (MAPK 2)	MAPK1 ERK2 PRKM1 PRKM2	Homo sapiens (Human)	360
31221	P27361	reviewed	MK03_HUMAN	Mitogen-activated protein kinase 3 (MAP kinase 3) (MAPK 3) (EC 2.7.11.24) (ERT2) (Extracellular signal-regulated kinase 1) (ERK-1) (Insulin-stimulated MAP2 kinase) (MAP kinase isoform p44) (p44-MAPK) (Microtubule-associated protein 2 kinase) (p44-ERK1)	MAPK3 ERK1 PRKM3	Homo sapiens (Human)	379
1294779	Q16659	reviewed	MK06_HUMAN	Mitogen-activated protein kinase 6 (MAP kinase 6) (MAPK 6) (EC 2.7.11.24) (Extracellular signal-regulated kinase 3) (ERK-3) (MAP kinase isoform p97) (p97-MAPK)	MAPK6 ERK3 PRKM6	Homo sapiens (Human)	721
4505601	O75914	reviewed	PAK3_HUMAN	Serine/threonine-protein kinase PAK 3 (EC 2.7.11.1) (Beta-PAK) (Oligophrenin-3) (p21-activated kinase 3) (PAK-3)	PAK3 OPHN3	Homo sapiens (Human)	559
6933864	Q9H4A3	reviewed	WNK1_HUMAN	Serine/threonine-protein kinase WNK1 (EC 2.7.11.1) (Erythrocyte 65 kDa protein) (p65) (Kinase deficient protein) (Protein kinase lysine-deficient 1) (Protein kinase with no lysine 1) (hWNK1)	WNK1 HSN2 KDP KIAA0344 PRKWNK1	Homo sapiens (Human)	2382
11527775	Q9Y3S1	reviewed	WNK2_HUMAN	Serine/threonine-protein kinase WNK2 (EC 2.7.11.1) (Antigen NY-CO-43) (Protein kinase lysine-deficient 2) (Protein kinase with no lysine 2) (Serologically defined colon cancer antigen 43)	WNK2 KIAA1760 PRKWNK2 SDCCAG43 P/OKcl.13	Homo sapiens (Human)	2297
15620825	Q96Q04	reviewed	LMTK3_HUMAN	Serine/threonine-protein kinase LMTK3 (EC 2.7.11.1) (Lemur tyrosine kinase 3)	LMTK3 KIAA1883 TYKLM3	Homo sapiens (Human)	1460
6009759	Q9HC98	reviewed	NEK6_HUMAN	Serine/threonine-protein kinase Nek6 (EC 2.7.11.34) (Never in mitosis A-related kinase 6) (NimA-related protein kinase 6) (Protein kinase SID6-1512)	NEK6	Homo sapiens (Human)	313
3560543	Q9UIK4	reviewed	DAPK2_HUMAN	Death-associated protein kinase 2 (DAP kinase 2) (EC 2.7.11.1) (DAP-kinase-related protein 1) (DRP-1)	DAPK2	Homo sapiens (Human)	370
3644048	O75962	reviewed	TRIO_HUMAN	Triple functional domain protein (EC 2.7.11.1) (PTPRF-interacting protein)	TRIO	Homo sapiens (Human)	3097
682745	P49840	reviewed	GSK3A_HUMAN	Glycogen synthase kinase-3 alpha (GSK-3 alpha) (EC 2.7.11.26) (Serine/threonine-protein kinase GSK3A) (EC 2.7.11.1)	GSK3A	Homo sapiens (Human)	483
12652981	P49841	reviewed	GSK3B_HUMAN	Glycogen synthase kinase-3 beta (GSK-3 beta) (EC 2.7.11.26) (Serine/threonine-protein kinase GSK3B) (EC 2.7.11.1)	GSK3B	Homo sapiens (Human)	420
14017927	Q5TCY1	reviewed	TTBK1_HUMAN	Tau-tubulin kinase 1 (EC 2.7.11.1) (Brain-derived tau kinase)	TTBK1 BDTK KIAA1855	Homo sapiens (Human)	1321
16511404	Q6IQ55	reviewed	TTBK2_HUMAN	Tau-tubulin kinase 2 (EC 2.7.11.1)	TTBK2 KIAA0847	Homo sapiens (Human)	1244
4502745	P49336	reviewed	CDK8_HUMAN	Cyclin-dependent kinase 8 (EC 2.7.11.22) (EC 2.7.11.23) (Cell division protein kinase 8) (Mediator complex subunit CDK8) (Mediator of RNA polymerase II transcription subunit CDK8) (Protein kinase K35)	CDK8	Homo sapiens (Human)	464
8648885	Q13418	reviewed	ILK_HUMAN	Integrin-linked protein kinase (EC 2.7.11.1) (59 kDa serine/threonine-protein kinase) (Beta-integrin-linked kinase) (ILK-1) (ILK-2) (p59ILK)	ILK ILK1 ILK2	Homo sapiens (Human)	452
12407081	Q76MJ5	reviewed	ERN2_HUMAN	Serine/threonine-protein kinase/endoribonuclease IRE2 (Endoplasmic reticulum-to-nucleus signaling 2) (Inositol-requiring protein 2) (hIRE2p) (Ire1-beta) (IRE1b) [Includes: Serine/threonine-protein kinase (EC 2.7.11.1); Endoribonuclease (EC 3.1.26.-)]	ERN2 IRE2	Homo sapiens (Human)	926
339717	P21709	reviewed	EPHA1_HUMAN	Ephrin type-A receptor 1 (hEpha1) (EC 2.7.10.1) (EPH tyrosine kinase) (EPH tyrosine kinase 1) (Erythropoietin-producing hepatoma receptor) (Tyrosine-protein kinase receptor EPH)	EPHA1 EPH EPHT EPHT1	Homo sapiens (Human)	976
495473	P54760	reviewed	EPHB4_HUMAN	Ephrin type-B receptor 4 (EC 2.7.10.1) (Hepatoma transmembrane kinase) (Tyrosine-protein kinase TYRO11)	EPHB4 HTK MYK1 TYRO11	Homo sapiens (Human)	987
551608	Q15375	reviewed	EPHA7_HUMAN	Ephrin type-A receptor 7 (EC 2.7.10.1) (EPH homology kinase 3) (EHK-3) (EPH-like kinase 11) (EK11) (hEK11)	EPHA7 EHK3 HEK11	Homo sapiens (Human)	998
1177466	P54756	reviewed	EPHA5_HUMAN	Ephrin type-A receptor 5 (EC 2.7.10.1) (Brain-specific kinase) (EPH homology kinase 1) (EHK-1) (EPH-like kinase 7) (EK7) (hEK7)	EPHA5 BSK EHK1 HEK7 TYRO4	Homo sapiens (Human)	1037
6599299	Q9UF33	reviewed	EPHA6_HUMAN	Ephrin type-A receptor 6 (EC 2.7.10.1) (EPH homology kinase 2) (EHK-2) (EPH-like kinase 12) (EK12)	EPHA6 EHK2 HEK12	Homo sapiens (Human)	1036
1168268	P42684	reviewed	ABL2_HUMAN	Tyrosine-protein kinase ABL2 (EC 2.7.10.2) (Abelson murine leukemia viral oncogene homolog 2) (Abelson tyrosine-protein kinase 2) (Abelson-related gene protein) (Tyrosine-protein kinase ARG)	ABL2 ABLL ARG	Homo sapiens (Human)	1182
177943	P00519	reviewed	ABL1_HUMAN	Tyrosine-protein kinase ABL1 (EC 2.7.10.2) (Abelson murine leukemia viral oncogene homolog 1) (Abelson tyrosine-protein kinase 1) (Proto-oncogene c-Abl) (p150)	ABL1 ABL JTK7	Homo sapiens (Human)	1130
37403	P06753	reviewed	TPM3_HUMAN	Tropomyosin alpha-3 chain (Gamma-tropomyosin) (Tropomyosin-3) (Tropomyosin-5) (hTM5)	TPM3	Homo sapiens (Human)	285
442390	Q16288	reviewed	NTRK3_HUMAN	NT-3 growth factor receptor (EC 2.7.10.1) (GP145-TrkC) (Trk-C) (Neurotrophic tyrosine kinase receptor type 3) (TrkC tyrosine kinase)	NTRK3 TRKC	Homo sapiens (Human)	839
1006668	Q92734	reviewed	TFG_HUMAN	Protein TFG (TRK-fused gene protein)	TFG	Homo sapiens (Human)	400
5031927	O15146	reviewed	MUSK_HUMAN	Muscle, skeletal receptor tyrosine-protein kinase (EC 2.7.10.1) (Muscle-specific tyrosine-protein kinase receptor) (MuSK) (Muscle-specific kinase receptor)	MUSK	Homo sapiens (Human)	869
496092	P08922	reviewed	ROS1_HUMAN	Proto-oncogene tyrosine-protein kinase ROS (EC 2.7.10.1) (Proto-oncogene c-Ros) (Proto-oncogene c-Ros-1) (Receptor tyrosine kinase c-ros oncogene 1) (c-Ros receptor tyrosine kinase)	ROS1 MCF3 ROS	Homo sapiens (Human)	2347
29891	P07332	reviewed	FES_HUMAN	Tyrosine-protein kinase Fes/Fps (EC 2.7.10.2) (Feline sarcoma/Fujinami avian sarcoma oncogene homolog) (Proto-oncogene c-Fes) (Proto-oncogene c-Fps) (p93c-fes)	FES FPS	Homo sapiens (Human)	822
1161364	P42681	reviewed	TXK_HUMAN	Tyrosine-protein kinase TXK (EC 2.7.10.2) (Protein-tyrosine kinase 4) (Resting lymphocyte kinase)	TXK PTK4 RLK	Homo sapiens (Human)	527
3413906	Q6XUX3	reviewed	DUSTY_HUMAN	Dual serine/threonine and tyrosine protein kinase (EC 2.7.12.1) (Dusty protein kinase) (Dusty PK) (RIP-homologous kinase) (Receptor-interacting serine/threonine-protein kinase 5) (Sugen kinase 496) (SgK496)	DSTYK KIAA0472 RIP5 RIPK5 SGK496 HDCMD38P	Homo sapiens (Human)	929
4502435	P51813	reviewed	BMX_HUMAN	Cytoplasmic tyrosine-protein kinase BMX (EC 2.7.10.2) (Bone marrow tyrosine kinase gene in chromosome X protein) (Epithelial and endothelial tyrosine kinase) (ETK) (NTK38)	BMX	Homo sapiens (Human)	675
729887	P41240	reviewed	CSK_HUMAN	Tyrosine-protein kinase CSK (EC 2.7.10.2) (C-Src kinase) (Protein-tyrosine kinase CYL)	CSK	Homo sapiens (Human)	450
9652080	Q9NR20	reviewed	DYRK4_HUMAN	Dual specificity tyrosine-phosphorylation-regulated kinase 4 (EC 2.7.12.1)	DYRK4	Homo sapiens (Human)	520
10441415	O43781	reviewed	DYRK3_HUMAN	Dual specificity tyrosine-phosphorylation-regulated kinase 3 (EC 2.7.12.1) (Regulatory erythroid kinase) (REDK)	DYRK3	Homo sapiens (Human)	588
1430822	O00506	reviewed	STK25_HUMAN	Serine/threonine-protein kinase 25 (EC 2.7.11.1) (Ste20-like kinase) (Sterile 20/oxidant stress-response kinase 1) (SOK-1) (Ste20/oxidant stress response kinase 1)	STK25 SOK1 YSK1	Homo sapiens (Human)	426
10439647	Q56UN5	reviewed	M3K19_HUMAN	Mitogen-activated protein kinase kinase kinase 19 (EC 2.7.11.1) (Regulated in COPD, protein kinase) (SPS1/STE20-related protein kinase YSK4)	MAP3K19 RCK YSK4	Homo sapiens (Human)	1328
11596146	Q9UL54	reviewed	TAOK2_HUMAN	Serine/threonine-protein kinase TAO2 (EC 2.7.11.1) (Kinase from chicken homolog C) (hKFC-C) (Prostate-derived sterile 20-like kinase 1) (PSK-1) (PSK1) (Prostate-derived STE20-like kinase 1) (Thousand and one amino acid protein kinase 2)	TAOK2 KIAA0881 MAP3K17 PSK PSK1 UNQ2971/PRO7431	Homo sapiens (Human)	1235
12053281	Q9H093	reviewed	NUAK2_HUMAN	NUAK family SNF1-like kinase 2 (EC 2.7.11.1) (Omphalocele kinase 2) (SNF1/AMP kinase-related kinase) (SNARK)	NUAK2 OMPHK2 SNARK	Homo sapiens (Human)	628
7768736	P57078	reviewed	RIPK4_HUMAN	Receptor-interacting serine/threonine-protein kinase 4 (EC 2.7.11.1) (Ankyrin repeat domain-containing protein 3) (PKC-delta-interacting protein kinase)	RIPK4 ANKRD3 DIK	Homo sapiens (Human)	832
2695890	Q02846	reviewed	GUC2D_HUMAN	Retinal guanylyl cyclase 1 (RETGC-1) (EC 4.6.1.2) (CG-E) (Guanylate cyclase 2D, retinal) (Rod outer segment membrane guanylate cyclase) (ROS-GC)	GUCY2D CORD6 GUC1A4 GUC2D RETGC RETGC1	Homo sapiens (Human)	1103
35497	P05129	reviewed	KPCG_HUMAN	Protein kinase C gamma type (PKC-gamma) (EC 2.7.11.13)	PRKCG PKCG	Homo sapiens (Human)	697
35501	Q05513	reviewed	KPCZ_HUMAN	Protein kinase C zeta type (EC 2.7.11.13) (nPKC-zeta)	PRKCZ PKC2	Homo sapiens (Human)	592
1000127	Q16512	reviewed	PKN1_HUMAN	Serine/threonine-protein kinase N1 (EC 2.7.11.13) (Protease-activated kinase 1) (PAK-1) (Protein kinase C-like 1) (Protein kinase C-like PKN) (Protein kinase PKN-alpha) (Protein-kinase C-related kinase 1) (Serine-threonine protein kinase N)	PKN1 PAK1 PKN PRK1 PRKCL1	Homo sapiens (Human)	942
1905906	Q9Y2H9	reviewed	MAST1_HUMAN	Microtubule-associated serine/threonine-protein kinase 1 (EC 2.7.11.1) (Syntrophin-associated serine/threonine-protein kinase)	MAST1 KIAA0973 SAST	Homo sapiens (Human)	1570
1906312	Q13237	reviewed	KGP2_HUMAN	cGMP-dependent protein kinase 2 (cGK 2) (cGK2) (EC 2.7.11.12) (cGMP-dependent protein kinase II) (cGKII)	PRKG2 PRKGR2	Homo sapiens (Human)	762
2407613	O15530	reviewed	PDPK1_HUMAN	3-phosphoinositide-dependent protein kinase 1 (hPDK1) (EC 2.7.11.1)	PDPK1 PDK1	Homo sapiens (Human)	556
507213	Q96SB4	reviewed	SRPK1_HUMAN	SRSF protein kinase 1 (EC 2.7.11.1) (SFRS protein kinase 1) (Serine/arginine-rich protein-specific kinase 1) (SR-protein-specific kinase 1)	SRPK1	Homo sapiens (Human)	655
4099082	Q9UPE1	reviewed	SRPK3_HUMAN	SRSF protein kinase 3 (EC 2.7.11.1) (Muscle-specific serine kinase 1) (MSSK-1) (Serine/arginine-rich protein-specific kinase 3) (SR-protein-specific kinase 3) (Serine/threonine-protein kinase 23)	SRPK3 MSSK1 STK23	Homo sapiens (Human)	567
6807781	Q9NSY1	reviewed	BMP2K_HUMAN	BMP-2-inducible protein kinase (BIKe) (EC 2.7.11.1)	BMP2K BIKE HRIHFB2017	Homo sapiens (Human)	1161
8101954	O14936	reviewed	CSKP_HUMAN	Peripheral plasma membrane protein CASK (hCASK) (EC 2.7.11.1) (Calcium/calmodulin-dependent serine protein kinase) (Protein lin-2 homolog)	CASK LIN2	Homo sapiens (Human)	926
17933259	Q8WTQ7	reviewed	GRK7_HUMAN	Rhodopsin kinase GRK7 (EC 2.7.11.14) (G protein-coupled receptor kinase 7) (G protein-coupled receptor kinase GRK7)	GRK7 GPRK7	Homo sapiens (Human)	553
12002201	O94921	reviewed	CDK14_HUMAN	Cyclin-dependent kinase 14 (EC 2.7.11.22) (Cell division protein kinase 14) (Serine/threonine-protein kinase PFTAIRE-1) (hPFTAIRE1)	CDK14 KIAA0834 PFTK1	Homo sapiens (Human)	469
15823642	Q96Q40	reviewed	CDK15_HUMAN	Cyclin-dependent kinase 15 (EC 2.7.11.22) (Amyotrophic lateral sclerosis 2 chromosomal region candidate gene 7 protein) (Cell division protein kinase 15) (Serine/threonine-protein kinase ALS2CR7) (Serine/threonine-protein kinase PFTAIRE-2)	CDK15 ALS2CR7 PFTK2	Homo sapiens (Human)	435
7768754	P57059	reviewed	SIK1_HUMAN	Serine/threonine-protein kinase SIK1 (EC 2.7.11.1) (Salt-inducible kinase 1) (SIK-1) (Serine/threonine-protein kinase SNF1-like kinase 1) (Serine/threonine-protein kinase SNF1LK)	SIK1 SIK SNF1LK	Homo sapiens (Human)	783
12698075	Q9C098	reviewed	DCLK3_HUMAN	Serine/threonine-protein kinase DCLK3 (EC 2.7.11.1) (Doublecortin domain-containing protein 3C) (Doublecortin-like and CAM kinase-like 3) (Doublecortin-like kinase 3)	DCLK3 DCAMKL3 DCDC3C KIAA1765	Homo sapiens (Human)	648
16511398	A0A0B4J2F2	reviewed	SIK1B_HUMAN	Putative serine/threonine-protein kinase SIK1B (EC 2.7.11.1) (Salt-inducible kinase 1B)	SIK1B	Homo sapiens (Human)	783
18088090	P78368	reviewed	KC1G2_HUMAN	Casein kinase I isoform gamma-2 (CKI-gamma 2) (EC 2.7.11.1)	CSNK1G2 CK1G2	Homo sapiens (Human)	415
1463131	P45983	reviewed	MK08_HUMAN	Mitogen-activated protein kinase 8 (MAP kinase 8) (MAPK 8) (EC 2.7.11.24) (JNK-46) (Stress-activated protein kinase 1c) (SAPK1c) (Stress-activated protein kinase JNK1) (c-Jun N-terminal kinase 1)	MAPK8 JNK1 PRKM8 SAPK1 SAPK1C	Homo sapiens (Human)	427
19684095	Q8TAS1	reviewed	UHMK1_HUMAN	Serine/threonine-protein kinase Kist (EC 2.7.11.1) (Kinase interacting with stathmin) (PAM COOH-terminal interactor protein 2) (P-CIP2) (U2AF homology motif kinase 1)	UHMK1 KIS KIST	Homo sapiens (Human)	419
7107392	Q9NYV4	reviewed	CDK12_HUMAN	Cyclin-dependent kinase 12 (EC 2.7.11.22) (EC 2.7.11.23) (Cdc2-related kinase, arginine/serine-rich) (CrkRS) (Cell division cycle 2-related protein kinase 7) (CDC2-related protein kinase 7) (Cell division protein kinase 12) (hCDK12)	CDK12 CRK7 CRKRS KIAA0904	Homo sapiens (Human)	1490
2460023	Q99640	reviewed	PMYT1_HUMAN	Membrane-associated tyrosine- and threonine-specific cdc2-inhibitory kinase (EC 2.7.11.1) (Myt1 kinase)	PKMYT1 MYT1	Homo sapiens (Human)	499
599778	P68400	reviewed	CSK21_HUMAN	Casein kinase II subunit alpha (CK II alpha) (EC 2.7.11.1)	CSNK2A1 CK2A1	Homo sapiens (Human)	391
485408	Q05823	reviewed	RN5A_HUMAN	2-5A-dependent ribonuclease (2-5A-dependent RNase) (EC 3.1.26.-) (Ribonuclease 4) (Ribonuclease L) (RNase L)	RNASEL RNS4	Homo sapiens (Human)	741
12830367	Q9BYT3	reviewed	STK33_HUMAN	Serine/threonine-protein kinase 33 (EC 2.7.11.1)	STK33	Homo sapiens (Human)	514
5360131	Q9NWZ3	reviewed	IRAK4_HUMAN	Interleukin-1 receptor-associated kinase 4 (IRAK-4) (EC 2.7.11.1) (Renal carcinoma antigen NY-REN-64)	IRAK4	Homo sapiens (Human)	460
1813646	Q99759	reviewed	M3K3_HUMAN	Mitogen-activated protein kinase kinase kinase 3 (EC 2.7.11.25) (MAPK/ERK kinase kinase 3) (MEK kinase 3) (MEKK 3)	MAP3K3 MAPKKK3 MEKK3	Homo sapiens (Human)	626
2815888	Q13233	reviewed	M3K1_HUMAN	Mitogen-activated protein kinase kinase kinase 1 (EC 2.7.11.25) (MAPK/ERK kinase kinase 1) (MEK kinase 1) (MEKK 1) (EC 2.3.2.27)	MAP3K1 MAPKKK1 MEKK MEKK1	Homo sapiens (Human)	1512
7542557	Q9Y2U5	reviewed	M3K2_HUMAN	Mitogen-activated protein kinase kinase kinase 2 (EC 2.7.11.25) (MAPK/ERK kinase kinase 2) (MEK kinase 2) (MEKK 2)	MAP3K2 MAPKKK2 MEKK2	Homo sapiens (Human)	619
17382019	Q96PN8	reviewed	TSSK3_HUMAN	Testis-specific serine/threonine-protein kinase 3 (TSK-3) (TSSK-3) (Testis-specific kinase 3) (EC 2.7.11.1) (Serine/threonine-protein kinase 22C)	TSSK3 SPOGA3 STK22C	Homo sapiens (Human)	268
18097867	Q6SA08	reviewed	TSSK4_HUMAN	Testis-specific serine/threonine-protein kinase 4 (TSK-4) (TSSK-4) (Testis-specific kinase 4) (EC 2.7.11.1) (Serine/threonine-protein kinase 22E)	TSSK4 C14orf20 STK22E TSSK5	Homo sapiens (Human)	328
1354385	Q13588	reviewed	GRAP_HUMAN	GRB2-related adapter protein	GRAP	Homo sapiens (Human)	217
3282619	P15498	reviewed	VAV_HUMAN	Proto-oncogene vav	VAV1 VAV	Homo sapiens (Human)	845
7331201	O75791	reviewed	GRAP2_HUMAN	GRB2-related adapter protein 2 (Adapter protein GRID) (GRB-2-like protein) (GRB2L) (GRBLG) (GRBX) (Grf40 adapter protein) (Grf-40) (Growth factor receptor-binding protein) (Hematopoietic cell-associated adapter protein GrpL) (P38) (Protein GADS) (SH3-SH2-SH3 adapter Mona)	GRAP2 GADS GRB2L GRID	Homo sapiens (Human)	330
479173	P51956	reviewed	NEK3_HUMAN	Serine/threonine-protein kinase Nek3 (EC 2.7.11.1) (HSPK 36) (Never in mitosis A-related kinase 3) (NimA-related protein kinase 3)	NEK3	Homo sapiens (Human)	506
